{
  "allFiles": [
    {
      "file": "/storage/emulated/0/AndroidIDEProjects/Modmenu-Onlinelib-json/app/src/main/java/com/Tg/Mrkaushikhaxor/service/Responce.kt",
      "selection": {
        "end": {
          "column": 30,
          "index": -1,
          "line": 109
        },
        "start": {
          "column": 30,
          "index": -1,
          "line": 109
        }
      }
    }
  ],
  "selectedFile": "/storage/emulated/0/AndroidIDEProjects/Modmenu-Onlinelib-json/app/src/main/java/com/Tg/Mrkaushikhaxor/service/Responce.kt"
}